Boards & Toys Co.,4,1,1,Loyal Customers
Atelier graphique,1,1,1,Lost Customers
Auto-Moto Classics Inc.,4,1,1,Loyal Customers
Microscale Inc.,2,1,1,New Customers
Royale Belge,4,1,1,Loyal Customers
"Bavarian Collectables Imports, Co.",1,1,1,Lost Customers
"Double Decker Gift Stores, Ltd",3,1,1,Potential Customers
Cambridge Collectables Co.,2,1,1,New Customers
West Coast Collectables Co.,3,1,1,Potential Customers
"Men 'R' US Retailers, Ltd.",4,1,1,Loyal Customers
CAF Imports,3,1,1,Potential Customers
Signal Collectibles Ltd.,4,1,1,Loyal Customers
Mini Auto Werke,3,1,1,Potential Customers
"Iberia Gift Imports, Corp.",3,1,1,Potential Customers
Online Mini Collectables,1,1,1,Lost Customers
Gift Ideas Corp.,4,1,1,Loyal Customers
"Clover Collections, Co.",1,1,1,Lost Customers
"Australian Gift Network, Co",4,1,1,Loyal Customers
"Australian Collectables, Ltd",3,2,1,Potential Customers
Auto Assoc. & Cie.,1,1,1,Lost Customers
"Classic Gift Ideas, Inc",3,2,1,Potential Customers
Osaka Souveniers Co.,2,2,1,New Customers
Daedalus Designs Imports,3,2,1,Potential Customers
Alpha Cognac,1,2,2,Lost Customers
Diecast Collectables,2,1,2,New Customers
Quebec Home Shopping Network,2,2,2,New Customers
Mini Wheels Co.,4,2,2,Loyal Customers
"Royal Canadian Collectables, Ltd.",2,3,2,New Customers
Marseille Mini Autos,1,2,2,Lost Customers
Petit Auto,2,2,2,New Customers
Canadian Gift Exchange Network,3,2,2,Potential Customers
"Volvo Model Replicas, Co",4,1,2,Loyal Customers
Classic Legends Inc.,1,2,2,Lost Customers
giftsbymail.co.uk,3,2,2,Potential Customers
Enaco Distributors,4,2,2,Loyal Customers
Lyon Souveniers,1,2,2,Lost Customers
"Norway Gifts By Mail, Co.",2,2,2,New Customers
Super Scale Inc.,3,1,2,Potential Customers
Mini Caravy,1,1,2,Lost Customers
Collectables For Less Inc.,2,2,2,New Customers
Signal Gift Stores,4,3,2,Loyal Customers
Gifts4AllAges.com,2,3,2,New Customers
Tekni Collectables Inc.,2,2,2,New Customers
Motor Mint Distributors Inc.,1,2,2,Lost Customers
"Blauer See Auto, Co.",3,2,2,Potential Customers
Mini Classics,3,3,2,Potential Customers
Collectable Mini Designs Co.,3,2,3,Potential Customers
Vitachrome Inc.,1,2,3,Lost Customers
"Stylish Desk Decors, Co.",1,3,3,Lost Customers
Auto Canal Petit,2,3,3,New Customers
Cruz & Sons Co.,3,3,3,Potential Customers
Amica Models & Co.,2,3,3,New Customers
"La Corne D'abondance, Co.",1,2,3,Lost Customers
FunGiftIdeas.com,1,3,3,Lost Customers
"Toms Spezialitten, Ltd",3,3,3,Potential Customers
Heintze Collectables,1,3,3,Lost Customers
Gift Depot Inc.,2,2,3,New Customers
Marta's Replicas Co.,2,3,3,New Customers
"Oulu Toy Supplies, Inc.",4,3,3,Loyal Customers
Toys4GrownUps.com,4,3,3,Loyal Customers
Mini Creations Ltd.,3,4,3,Potential Customers
"Toys of Finland, Co.",1,3,3,Lost Customers
Herkku Gifts,3,3,3,Potential Customers
Suominen Souveniers,4,3,3,Loyal Customers
Handji Gifts& Co,2,4,3,New Customers
Baane Mini Imports,1,3,3,Lost Customers
"Vida Sport, Ltd",1,3,3,Lost Customers
"UK Collectables, Ltd.",4,3,3,Loyal Customers
"Tokyo Collectables, Ltd",2,3,3,New Customers
"Corrida Auto Replicas, Ltd",4,3,4,Loyal Customers
Technics Stores Inc.,4,4,4,Loyal Customers
Diecast Classics Inc.,2,3,4,New Customers
Online Diecast Creations Co.,1,4,4,Lost Customers
Scandinavian Gift Ideas,3,4,4,Potential Customers
Reims Collectables,1,4,4,Lost Customers
Rovelli Gifts,4,4,4,Loyal Customers
L'ordine Souveniers,3,4,4,Potential Customers
"Saveley & Henriot, Co.",3,4,4,Potential Customers
Danish Wholesale Imports,1,4,4,Lost Customers
Salzburg Collectables,2,4,4,New Customers
Corporate Gift Ideas Co.,1,4,4,Lost Customers
Souveniers And Things Co.,2,4,4,New Customers
"Anna's Decorations, Ltd",3,4,4,Potential Customers
"AV Stores, Co.",4,4,4,Loyal Customers
The Sharp Gifts Warehouse,2,4,4,New Customers
Land of Toys Inc.,4,4,4,Loyal Customers
"Dragon Souveniers, Ltd.",4,4,4,Loyal Customers
La Rochelle Gifts,2,4,4,New Customers
Muscle Machine Inc,3,4,4,Potential Customers
"Australian Collectors, Co.",4,4,4,Loyal Customers
Mini Gifts Distributors Ltd.,2,4,4,New Customers
Euro Shopping Channel,4,4,4,Loyal Customers
